NodeID,Capacity,Delay,Cost,Function
0,8000,11,16.5,
1,8000,11,16.5,1
2,8000,11,16.5,
3,8000,11,16.5,0
4,8000,11,16.5,
5,8000,11,16.5,
6,8000,11,16.5,
7,8000,11,16.5,
8,8000,11,16.5,1
9,8000,11,16.5,
10,8000,11,16.5,
11,8000,11,16.5,3
12,8000,11,16.5,
13,8000,11,16.5,
14,8000,11,16.5,
15,8000,11,16.5,
16,8000,11,16.5,
17,8000,11,16.5,
18,8000,11,16.5,4
19,8000,11,16.5,
20,8000,11,16.5,
21,8000,11,16.5,2
22,8000,11,16.5,4
23,8000,11,16.5,
24,8000,11,16.5,4
25,8000,11,16.5,
26,8000,11,16.5,
27,8000,11,16.5,
28,8000,11,16.5,
29,8000,11,16.5,
30,8000,11,16.5,
31,8000,11,16.5,
32,8000,11,16.5,
33,8000,11,16.5,1
34,8000,11,16.5,
35,8000,11,16.5,
36,8000,11,16.5,
37,8000,11,16.5,
38,8000,11,16.5,
39,8000,11,16.5,
40,8000,11,16.5,
41,8000,11,16.5,
42,8000,11,16.5,3
43,8000,11,16.5,
44,8000,11,16.5,
45,8000,11,16.5,
46,8000,11,16.5,
47,8000,11,16.5,
48,8000,11,16.5,1|3
49,8000,11,16.5,4
50,8000,11,16.5,
51,8000,11,16.5,
52,8000,11,16.5,
53,8000,11,16.5,
54,8000,11,16.5,
55,8000,11,16.5,2
56,8000,11,16.5,5
57,8000,11,16.5,3
58,8000,11,16.5,
59,8000,11,16.5,
60,8000,11,16.5,
61,8000,11,16.5,
62,8000,11,16.5,
63,8000,11,16.5,1|2|5
64,8000,11,16.5,2
65,8000,11,16.5,
66,8000,11,16.5,
67,8000,11,16.5,
68,8000,11,16.5,4
69,8000,11,16.5,
70,8000,11,16.5,2
71,8000,11,16.5,
72,8000,11,16.5,
73,8000,11,16.5,
74,8000,11,16.5,
75,8000,11,16.5,
76,8000,11,16.5,
77,8000,11,16.5,
78,8000,11,16.5,
79,8000,11,16.5,2
80,8000,11,16.5,
81,8000,11,16.5,3|4|5
82,8000,11,16.5,
83,8000,11,16.5,
84,8000,11,16.5,
85,8000,11,16.5,1|2
86,8000,11,16.5,
87,8000,11,16.5,0|5
88,8000,11,16.5,
89,8000,11,16.5,3
90,8000,11,16.5,0
91,8000,11,16.5,
92,8000,11,16.5,
93,8000,11,16.5,
94,8000,11,16.5,
95,8000,11,16.5,
96,8000,11,16.5,0
97,8000,11,16.5,
98,8000,11,16.5,
99,8000,11,16.5,3
100,8000,11,16.5,
101,8000,11,16.5,
102,8000,11,16.5,
103,8000,11,16.5,
104,8000,11,16.5,
105,8000,11,16.5,
106,8000,11,16.5,
107,8000,11,16.5,
108,8000,11,16.5,
109,8000,11,16.5,
110,8000,11,16.5,
111,8000,11,16.5,
112,8000,11,16.5,
113,8000,11,16.5,
114,8000,11,16.5,
115,8000,11,16.5,
116,8000,11,16.5,
117,8000,11,16.5,
118,8000,11,16.5,
119,8000,11,16.5,
120,8000,11,16.5,
121,8000,11,16.5,
122,8000,11,16.5,4|5
123,8000,11,16.5,
124,8000,11,16.5,
125,8000,11,16.5,
126,8000,11,16.5,
127,8000,11,16.5,
128,8000,11,16.5,
129,8000,11,16.5,
130,8000,11,16.5,
131,8000,11,16.5,
132,8000,11,16.5,
133,8000,11,16.5,4
134,8000,11,16.5,
135,8000,11,16.5,5
136,8000,11,16.5,4
137,8000,11,16.5,2|4
138,8000,11,16.5,
139,8000,11,16.5,4
140,8000,11,16.5,
141,8000,11,16.5,3
142,8000,11,16.5,
143,8000,11,16.5,
144,8000,11,16.5,
145,8000,11,16.5,4
146,8000,11,16.5,2
147,8000,11,16.5,1
148,8000,11,16.5,5
149,8000,11,16.5,
150,8000,11,16.5,
151,8000,11,16.5,
152,8000,11,16.5,
153,8000,11,16.5,5
154,8000,11,16.5,
155,8000,11,16.5,
156,8000,11,16.5,
157,8000,11,16.5,3
158,8000,11,16.5,
159,8000,11,16.5,
160,8000,11,16.5,
161,8000,11,16.5,
162,8000,11,16.5,
163,8000,11,16.5,
164,8000,11,16.5,
165,8000,11,16.5,
166,8000,11,16.5,
167,8000,11,16.5,1
168,8000,11,16.5,
169,8000,11,16.5,2
170,8000,11,16.5,
171,8000,11,16.5,
172,8000,11,16.5,
173,8000,11,16.5,5
174,8000,11,16.5,
175,8000,11,16.5,
176,8000,11,16.5,4
177,8000,11,16.5,0|2
178,8000,11,16.5,4
179,8000,11,16.5,
180,8000,11,16.5,
181,8000,11,16.5,0
182,8000,11,16.5,
183,8000,11,16.5,
184,8000,11,16.5,
185,8000,11,16.5,
186,8000,11,16.5,
187,8000,11,16.5,
188,8000,11,16.5,2
189,8000,11,16.5,
190,8000,11,16.5,
191,8000,11,16.5,
192,8000,11,16.5,2
193,8000,11,16.5,
194,8000,11,16.5,2
195,8000,11,16.5,
196,8000,11,16.5,
197,8000,11,16.5,1
198,8000,11,16.5,
199,8000,11,16.5,
200,8000,11,16.5,2
201,8000,11,16.5,
202,8000,11,16.5,4
203,8000,11,16.5,
204,8000,11,16.5,
205,8000,11,16.5,
206,8000,11,16.5,
207,8000,11,16.5,3
208,8000,11,16.5,
209,8000,11,16.5,
210,8000,11,16.5,
211,8000,11,16.5,
212,8000,11,16.5,1
213,8000,11,16.5,
214,8000,11,16.5,
215,8000,11,16.5,
216,8000,11,16.5,
217,8000,11,16.5,1|3
218,8000,11,16.5,
219,8000,11,16.5,
220,8000,11,16.5,1
221,8000,11,16.5,
222,8000,11,16.5,
223,8000,11,16.5,
224,8000,11,16.5,3
225,8000,11,16.5,
226,8000,11,16.5,
227,8000,11,16.5,
228,8000,11,16.5,
229,8000,11,16.5,1
230,8000,11,16.5,4
231,8000,11,16.5,
232,8000,11,16.5,
233,8000,11,16.5,
234,8000,11,16.5,
235,8000,11,16.5,
236,8000,11,16.5,
237,8000,11,16.5,3|4
238,8000,11,16.5,
239,8000,11,16.5,1
240,8000,11,16.5,3
241,8000,11,16.5,
242,8000,11,16.5,
243,8000,11,16.5,2
244,8000,11,16.5,
245,8000,11,16.5,
246,8000,11,16.5,
247,8000,11,16.5,1|4
248,8000,11,16.5,
249,8000,11,16.5,
250,8000,11,16.5,
251,8000,11,16.5,
252,8000,11,16.5,
253,8000,11,16.5,
254,8000,11,16.5,
255,8000,11,16.5,
256,8000,11,16.5,
257,8000,11,16.5,
258,8000,11,16.5,
259,8000,11,16.5,
260,8000,11,16.5,4|5
261,8000,11,16.5,
262,8000,11,16.5,2
263,8000,11,16.5,
264,8000,11,16.5,
265,8000,11,16.5,
266,8000,11,16.5,
267,8000,11,16.5,
268,8000,11,16.5,
269,8000,11,16.5,
270,8000,11,16.5,3
271,8000,11,16.5,
272,8000,11,16.5,4
273,8000,11,16.5,
274,8000,11,16.5,
275,8000,11,16.5,
276,8000,11,16.5,
277,8000,11,16.5,
278,8000,11,16.5,
279,8000,11,16.5,
280,8000,11,16.5,4
281,8000,11,16.5,0|4
282,8000,11,16.5,
283,8000,11,16.5,
284,8000,11,16.5,
285,8000,11,16.5,1|3
286,8000,11,16.5,
287,8000,11,16.5,
288,8000,11,16.5,
289,8000,11,16.5,
290,8000,11,16.5,
291,8000,11,16.5,
292,8000,11,16.5,
293,8000,11,16.5,
294,8000,11,16.5,
295,8000,11,16.5,1
296,8000,11,16.5,
297,8000,11,16.5,0|4
298,8000,11,16.5,0|5
299,8000,11,16.5,4
300,8000,11,16.5,
301,8000,11,16.5,4
302,8000,11,16.5,0
303,8000,11,16.5,
304,8000,11,16.5,
305,8000,11,16.5,
306,8000,11,16.5,
307,8000,11,16.5,
308,8000,11,16.5,
309,8000,11,16.5,
310,8000,11,16.5,
311,8000,11,16.5,
312,8000,11,16.5,
313,8000,11,16.5,
314,8000,11,16.5,
315,8000,11,16.5,
316,8000,11,16.5,
317,8000,11,16.5,3
318,8000,11,16.5,1
319,8000,11,16.5,
320,8000,11,16.5,
321,8000,11,16.5,
322,8000,11,16.5,5
323,8000,11,16.5,
324,8000,11,16.5,
325,8000,11,16.5,
326,8000,11,16.5,0
327,8000,11,16.5,
328,8000,11,16.5,
329,8000,11,16.5,
330,8000,11,16.5,
331,8000,11,16.5,4
332,8000,11,16.5,
333,8000,11,16.5,3
334,8000,11,16.5,
335,8000,11,16.5,0
336,8000,11,16.5,0|3
337,8000,11,16.5,1|5
338,8000,11,16.5,
339,8000,11,16.5,
340,8000,11,16.5,
341,8000,11,16.5,
342,8000,11,16.5,
343,8000,11,16.5,
344,8000,11,16.5,
345,8000,11,16.5,
346,8000,11,16.5,
347,8000,11,16.5,
348,8000,11,16.5,
349,8000,11,16.5,
350,8000,11,16.5,
351,8000,11,16.5,
352,8000,11,16.5,
353,8000,11,16.5,4
354,8000,11,16.5,
355,8000,11,16.5,
356,8000,11,16.5,0|3
357,8000,11,16.5,
358,8000,11,16.5,
359,8000,11,16.5,
360,8000,11,16.5,
361,8000,11,16.5,3
362,8000,11,16.5,
363,8000,11,16.5,
364,8000,11,16.5,
365,8000,11,16.5,
366,8000,11,16.5,
367,8000,11,16.5,
368,8000,11,16.5,
369,8000,11,16.5,
370,8000,11,16.5,
371,8000,11,16.5,3
372,8000,11,16.5,
373,8000,11,16.5,
374,8000,11,16.5,3
375,8000,11,16.5,
376,8000,11,16.5,
377,8000,11,16.5,
378,8000,11,16.5,
379,8000,11,16.5,4
380,8000,11,16.5,1
381,8000,11,16.5,
382,8000,11,16.5,4
383,8000,11,16.5,
384,8000,11,16.5,
385,8000,11,16.5,0|1
386,8000,11,16.5,4
387,8000,11,16.5,
388,8000,11,16.5,
389,8000,11,16.5,
390,8000,11,16.5,
391,8000,11,16.5,1
392,8000,11,16.5,
393,8000,11,16.5,
394,8000,11,16.5,5
395,8000,11,16.5,
396,8000,11,16.5,
397,8000,11,16.5,
398,8000,11,16.5,
399,8000,11,16.5,
400,8000,11,16.5,
401,8000,11,16.5,
402,8000,11,16.5,4
403,8000,11,16.5,
404,8000,11,16.5,
405,8000,11,16.5,
406,8000,11,16.5,
407,8000,11,16.5,3
408,8000,11,16.5,
409,8000,11,16.5,
410,8000,11,16.5,
411,8000,11,16.5,
412,8000,11,16.5,
413,8000,11,16.5,
414,8000,11,16.5,4
415,8000,11,16.5,
416,8000,11,16.5,
417,8000,11,16.5,
418,8000,11,16.5,
419,8000,11,16.5,
420,8000,11,16.5,
421,8000,11,16.5,1
422,8000,11,16.5,
423,8000,11,16.5,
424,8000,11,16.5,1
425,8000,11,16.5,
426,8000,11,16.5,2
427,8000,11,16.5,
428,8000,11,16.5,1
429,8000,11,16.5,
430,8000,11,16.5,
431,8000,11,16.5,
432,8000,11,16.5,
433,8000,11,16.5,
434,8000,11,16.5,
435,8000,11,16.5,
436,8000,11,16.5,
437,8000,11,16.5,4
438,8000,11,16.5,4
439,8000,11,16.5,
440,8000,11,16.5,
441,8000,11,16.5,
442,8000,11,16.5,
443,8000,11,16.5,2
444,8000,11,16.5,
445,8000,11,16.5,
446,8000,11,16.5,
447,8000,11,16.5,
448,8000,11,16.5,1
449,8000,11,16.5,
450,8000,11,16.5,
451,8000,11,16.5,
452,8000,11,16.5,
453,8000,11,16.5,
454,8000,11,16.5,
455,8000,11,16.5,
456,8000,11,16.5,
457,8000,11,16.5,3
458,8000,11,16.5,
459,8000,11,16.5,
460,8000,11,16.5,5
461,8000,11,16.5,5
462,8000,11,16.5,1
463,8000,11,16.5,
464,8000,11,16.5,1
465,8000,11,16.5,
466,8000,11,16.5,
467,8000,11,16.5,
468,8000,11,16.5,3
469,8000,11,16.5,
470,8000,11,16.5,
471,8000,11,16.5,
472,8000,11,16.5,
473,8000,11,16.5,
474,8000,11,16.5,0
475,8000,11,16.5,4
476,8000,11,16.5,
477,8000,11,16.5,
478,8000,11,16.5,
479,8000,11,16.5,
480,8000,11,16.5,0
481,8000,11,16.5,
482,8000,11,16.5,
483,8000,11,16.5,
484,8000,11,16.5,
485,8000,11,16.5,
486,8000,11,16.5,
487,8000,11,16.5,
488,8000,11,16.5,
489,8000,11,16.5,
490,8000,11,16.5,
491,8000,11,16.5,
492,8000,11,16.5,
493,8000,11,16.5,
494,8000,11,16.5,2|5
495,8000,11,16.5,1
496,8000,11,16.5,
497,8000,11,16.5,
498,8000,11,16.5,4
499,8000,11,16.5,4
500,8000,11,16.5,
501,8000,11,16.5,
502,8000,11,16.5,2
503,8000,11,16.5,
504,8000,11,16.5,
505,8000,11,16.5,5
506,8000,11,16.5,
507,8000,11,16.5,
508,8000,11,16.5,
509,8000,11,16.5,
510,8000,11,16.5,3
511,8000,11,16.5,
512,8000,11,16.5,
513,8000,11,16.5,
514,8000,11,16.5,
515,8000,11,16.5,
516,8000,11,16.5,2
517,8000,11,16.5,
518,8000,11,16.5,0|3
519,8000,11,16.5,2
520,8000,11,16.5,
521,8000,11,16.5,1
522,8000,11,16.5,
523,8000,11,16.5,2
524,8000,11,16.5,
525,8000,11,16.5,
526,8000,11,16.5,
527,8000,11,16.5,
528,8000,11,16.5,
529,8000,11,16.5,
530,8000,11,16.5,
531,8000,11,16.5,
532,8000,11,16.5,
533,8000,11,16.5,
534,8000,11,16.5,
535,8000,11,16.5,
536,8000,11,16.5,
537,8000,11,16.5,5
538,8000,11,16.5,4
539,8000,11,16.5,
540,8000,11,16.5,
541,8000,11,16.5,
542,8000,11,16.5,
543,8000,11,16.5,
544,8000,11,16.5,4
545,8000,11,16.5,
546,8000,11,16.5,
547,8000,11,16.5,
548,8000,11,16.5,
549,8000,11,16.5,
550,8000,11,16.5,
551,8000,11,16.5,
552,8000,11,16.5,
553,8000,11,16.5,
554,8000,11,16.5,
555,8000,11,16.5,
556,8000,11,16.5,
557,8000,11,16.5,
558,8000,11,16.5,
559,8000,11,16.5,
560,8000,11,16.5,
561,8000,11,16.5,
562,8000,11,16.5,3
563,8000,11,16.5,
564,8000,11,16.5,
565,8000,11,16.5,
566,8000,11,16.5,
567,8000,11,16.5,
568,8000,11,16.5,5
569,8000,11,16.5,
570,8000,11,16.5,
571,8000,11,16.5,4
572,8000,11,16.5,
573,8000,11,16.5,
574,8000,11,16.5,
575,8000,11,16.5,5
576,8000,11,16.5,
577,8000,11,16.5,
578,8000,11,16.5,
579,8000,11,16.5,
580,8000,11,16.5,
581,8000,11,16.5,
582,8000,11,16.5,
583,8000,11,16.5,
584,8000,11,16.5,
585,8000,11,16.5,
586,8000,11,16.5,0
587,8000,11,16.5,
588,8000,11,16.5,
589,8000,11,16.5,5
590,8000,11,16.5,
591,8000,11,16.5,
592,8000,11,16.5,
593,8000,11,16.5,
594,8000,11,16.5,3
595,8000,11,16.5,
596,8000,11,16.5,
597,8000,11,16.5,
598,8000,11,16.5,0
599,8000,11,16.5,
600,8000,11,16.5,3
601,8000,11,16.5,
602,8000,11,16.5,
603,8000,11,16.5,
604,8000,11,16.5,
605,8000,11,16.5,1
606,8000,11,16.5,
607,8000,11,16.5,
608,8000,11,16.5,
609,8000,11,16.5,
610,8000,11,16.5,
611,8000,11,16.5,
612,8000,11,16.5,
613,8000,11,16.5,
614,8000,11,16.5,2
615,8000,11,16.5,4
616,8000,11,16.5,
617,8000,11,16.5,
618,8000,11,16.5,
619,8000,11,16.5,3
620,8000,11,16.5,1
621,8000,11,16.5,4|5
622,8000,11,16.5,2
623,8000,11,16.5,
624,8000,11,16.5,
625,8000,11,16.5,
626,8000,11,16.5,
627,8000,11,16.5,1
628,8000,11,16.5,
629,8000,11,16.5,
630,8000,11,16.5,
631,8000,11,16.5,5
632,8000,11,16.5,
633,8000,11,16.5,
634,8000,11,16.5,2
635,8000,11,16.5,
636,8000,11,16.5,
637,8000,11,16.5,
638,8000,11,16.5,
639,8000,11,16.5,
640,8000,11,16.5,
641,8000,11,16.5,
642,8000,11,16.5,
643,8000,11,16.5,
644,8000,11,16.5,
645,8000,11,16.5,
646,8000,11,16.5,
647,8000,11,16.5,
648,8000,11,16.5,
649,8000,11,16.5,
650,8000,11,16.5,
651,8000,11,16.5,
652,8000,11,16.5,
653,8000,11,16.5,
654,8000,11,16.5,2|4
655,8000,11,16.5,
656,8000,11,16.5,0|5
657,8000,11,16.5,
658,8000,11,16.5,
659,8000,11,16.5,
660,8000,11,16.5,
661,8000,11,16.5,2
662,8000,11,16.5,
663,8000,11,16.5,
664,8000,11,16.5,
665,8000,11,16.5,
666,8000,11,16.5,1
667,8000,11,16.5,
668,8000,11,16.5,
669,8000,11,16.5,5
670,8000,11,16.5,
671,8000,11,16.5,
672,8000,11,16.5,
673,8000,11,16.5,
674,8000,11,16.5,
675,8000,11,16.5,
676,8000,11,16.5,
677,8000,11,16.5,
678,8000,11,16.5,3
679,8000,11,16.5,
680,8000,11,16.5,
681,8000,11,16.5,0
682,8000,11,16.5,
683,8000,11,16.5,
684,8000,11,16.5,
685,8000,11,16.5,1
686,8000,11,16.5,
687,8000,11,16.5,
688,8000,11,16.5,
689,8000,11,16.5,
690,8000,11,16.5,2
691,8000,11,16.5,
692,8000,11,16.5,
693,8000,11,16.5,
694,8000,11,16.5,
695,8000,11,16.5,
696,8000,11,16.5,3
697,8000,11,16.5,
698,8000,11,16.5,
699,8000,11,16.5,0|5
700,8000,11,16.5,
701,8000,11,16.5,
702,8000,11,16.5,2
703,8000,11,16.5,0
704,8000,11,16.5,
705,8000,11,16.5,
706,8000,11,16.5,
707,8000,11,16.5,
708,8000,11,16.5,
709,8000,11,16.5,
710,8000,11,16.5,0
711,8000,11,16.5,0
712,8000,11,16.5,
713,8000,11,16.5,
714,8000,11,16.5,
715,8000,11,16.5,
716,8000,11,16.5,
717,8000,11,16.5,
718,8000,11,16.5,2
719,8000,11,16.5,1|2
720,8000,11,16.5,
721,8000,11,16.5,
722,8000,11,16.5,
723,8000,11,16.5,
724,8000,11,16.5,
725,8000,11,16.5,
726,8000,11,16.5,
727,8000,11,16.5,
728,8000,11,16.5,
729,8000,11,16.5,
730,8000,11,16.5,
731,8000,11,16.5,
732,8000,11,16.5,2|4
733,8000,11,16.5,
734,8000,11,16.5,0
735,8000,11,16.5,
736,8000,11,16.5,
737,8000,11,16.5,0
738,8000,11,16.5,
739,8000,11,16.5,
740,8000,11,16.5,5
741,8000,11,16.5,
742,8000,11,16.5,
743,8000,11,16.5,
744,8000,11,16.5,
745,8000,11,16.5,0
746,8000,11,16.5,
747,8000,11,16.5,
748,8000,11,16.5,
749,8000,11,16.5,
750,8000,11,16.5,3
751,8000,11,16.5,
752,8000,11,16.5,0
753,8000,11,16.5,
754,8000,11,16.5,3
755,8000,11,16.5,
756,8000,11,16.5,5
757,8000,11,16.5,
758,8000,11,16.5,
759,8000,11,16.5,
760,8000,11,16.5,0
761,8000,11,16.5,4
762,8000,11,16.5,0
763,8000,11,16.5,
764,8000,11,16.5,0|1|4
765,8000,11,16.5,5
766,8000,11,16.5,
767,8000,11,16.5,2
768,8000,11,16.5,
769,8000,11,16.5,
770,8000,11,16.5,
771,8000,11,16.5,3
772,8000,11,16.5,
773,8000,11,16.5,
774,8000,11,16.5,
775,8000,11,16.5,
776,8000,11,16.5,
777,8000,11,16.5,2
778,8000,11,16.5,2
779,8000,11,16.5,
780,8000,11,16.5,
781,8000,11,16.5,
782,8000,11,16.5,
783,8000,11,16.5,
784,8000,11,16.5,
785,8000,11,16.5,2
786,8000,11,16.5,
787,8000,11,16.5,
788,8000,11,16.5,
789,8000,11,16.5,
790,8000,11,16.5,5
791,8000,11,16.5,
792,8000,11,16.5,
793,8000,11,16.5,3
794,8000,11,16.5,2|3|4
795,8000,11,16.5,
796,8000,11,16.5,
797,8000,11,16.5,
798,8000,11,16.5,
799,8000,11,16.5,
800,8000,11,16.5,4|5
801,8000,11,16.5,
802,8000,11,16.5,
803,8000,11,16.5,
804,8000,11,16.5,1
805,8000,11,16.5,5
806,8000,11,16.5,
807,8000,11,16.5,
808,8000,11,16.5,1|5
809,8000,11,16.5,
810,8000,11,16.5,
811,8000,11,16.5,1
812,8000,11,16.5,
813,8000,11,16.5,
814,8000,11,16.5,
815,8000,11,16.5,
816,8000,11,16.5,
817,8000,11,16.5,
818,8000,11,16.5,
819,8000,11,16.5,
820,8000,11,16.5,
821,8000,11,16.5,4
822,8000,11,16.5,0
823,8000,11,16.5,
824,8000,11,16.5,
825,8000,11,16.5,2
826,8000,11,16.5,
827,8000,11,16.5,
828,8000,11,16.5,
829,8000,11,16.5,
830,8000,11,16.5,
831,8000,11,16.5,1
832,8000,11,16.5,5
833,8000,11,16.5,0
834,8000,11,16.5,
835,8000,11,16.5,0|1
836,8000,11,16.5,
837,8000,11,16.5,
838,8000,11,16.5,
839,8000,11,16.5,
840,8000,11,16.5,2
841,8000,11,16.5,
842,8000,11,16.5,
843,8000,11,16.5,
844,8000,11,16.5,
845,8000,11,16.5,
846,8000,11,16.5,4|5
847,8000,11,16.5,
848,8000,11,16.5,
849,8000,11,16.5,
850,8000,11,16.5,
851,8000,11,16.5,
852,8000,11,16.5,
853,8000,11,16.5,
854,8000,11,16.5,5
855,8000,11,16.5,
856,8000,11,16.5,
857,8000,11,16.5,3
858,8000,11,16.5,1
859,8000,11,16.5,
860,8000,11,16.5,
861,8000,11,16.5,
862,8000,11,16.5,
863,8000,11,16.5,
864,8000,11,16.5,2|4
865,8000,11,16.5,2
866,8000,11,16.5,
867,8000,11,16.5,
868,8000,11,16.5,
869,8000,11,16.5,
870,8000,11,16.5,
871,8000,11,16.5,
872,8000,11,16.5,
873,8000,11,16.5,3
874,8000,11,16.5,
875,8000,11,16.5,
876,8000,11,16.5,
877,8000,11,16.5,2
878,8000,11,16.5,
879,8000,11,16.5,
880,8000,11,16.5,3
881,8000,11,16.5,
882,8000,11,16.5,
883,8000,11,16.5,
884,8000,11,16.5,0|5
885,8000,11,16.5,
886,8000,11,16.5,5
887,8000,11,16.5,
888,8000,11,16.5,
889,8000,11,16.5,
890,8000,11,16.5,
891,8000,11,16.5,0
892,8000,11,16.5,
893,8000,11,16.5,4
894,8000,11,16.5,
895,8000,11,16.5,
896,8000,11,16.5,
897,8000,11,16.5,3
898,8000,11,16.5,
899,8000,11,16.5,
900,8000,11,16.5,
901,8000,11,16.5,
902,8000,11,16.5,
903,8000,11,16.5,
904,8000,11,16.5,
905,8000,11,16.5,
906,8000,11,16.5,
907,8000,11,16.5,
908,8000,11,16.5,
909,8000,11,16.5,
910,8000,11,16.5,3
911,8000,11,16.5,
912,8000,11,16.5,
913,8000,11,16.5,4
914,8000,11,16.5,
915,8000,11,16.5,
916,8000,11,16.5,
917,8000,11,16.5,0
918,8000,11,16.5,
919,8000,11,16.5,
920,8000,11,16.5,
921,8000,11,16.5,5
922,8000,11,16.5,
923,8000,11,16.5,0
924,8000,11,16.5,2
925,8000,11,16.5,3
926,8000,11,16.5,2
927,8000,11,16.5,
928,8000,11,16.5,
929,8000,11,16.5,1
930,8000,11,16.5,
931,8000,11,16.5,2
932,8000,11,16.5,
933,8000,11,16.5,
934,8000,11,16.5,0
935,8000,11,16.5,
936,8000,11,16.5,
937,8000,11,16.5,
938,8000,11,16.5,
939,8000,11,16.5,
940,8000,11,16.5,
941,8000,11,16.5,
942,8000,11,16.5,
943,8000,11,16.5,
944,8000,11,16.5,
945,8000,11,16.5,
946,8000,11,16.5,
947,8000,11,16.5,
948,8000,11,16.5,3
949,8000,11,16.5,
950,8000,11,16.5,
951,8000,11,16.5,5
952,8000,11,16.5,
953,8000,11,16.5,
954,8000,11,16.5,
955,8000,11,16.5,0
956,8000,11,16.5,
957,8000,11,16.5,0
958,8000,11,16.5,
959,8000,11,16.5,
960,8000,11,16.5,
961,8000,11,16.5,2
962,8000,11,16.5,5
963,8000,11,16.5,
964,8000,11,16.5,
965,8000,11,16.5,
966,8000,11,16.5,
967,8000,11,16.5,0
968,8000,11,16.5,
969,8000,11,16.5,2
970,8000,11,16.5,3
971,8000,11,16.5,
972,8000,11,16.5,2|4
973,8000,11,16.5,
974,8000,11,16.5,
975,8000,11,16.5,
976,8000,11,16.5,
977,8000,11,16.5,
978,8000,11,16.5,4|5
979,8000,11,16.5,2|4
980,8000,11,16.5,4
981,8000,11,16.5,5
982,8000,11,16.5,
983,8000,11,16.5,4
984,8000,11,16.5,
985,8000,11,16.5,
986,8000,11,16.5,
987,8000,11,16.5,3
988,8000,11,16.5,
989,8000,11,16.5,
990,8000,11,16.5,
991,8000,11,16.5,
992,8000,11,16.5,
993,8000,11,16.5,
994,8000,11,16.5,
995,8000,11,16.5,3
996,8000,11,16.5,
997,8000,11,16.5,
998,8000,11,16.5,2|5
999,8000,11,16.5,
1000,8000,11,16.5,0
1001,8000,11,16.5,1
1002,8000,11,16.5,
1003,8000,11,16.5,
1004,8000,11,16.5,2
1005,8000,11,16.5,3
1006,8000,11,16.5,2
1007,8000,11,16.5,
1008,8000,11,16.5,
1009,8000,11,16.5,
1010,8000,11,16.5,3
1011,8000,11,16.5,
1012,8000,11,16.5,0
1013,8000,11,16.5,
1014,8000,11,16.5,1
1015,8000,11,16.5,
1016,8000,11,16.5,3
1017,8000,11,16.5,
1018,8000,11,16.5,5
1019,8000,11,16.5,
1020,8000,11,16.5,
1021,8000,11,16.5,
1022,8000,11,16.5,
1023,8000,11,16.5,2
1024,8000,11,16.5,
1025,8000,11,16.5,
1026,8000,11,16.5,1
1027,8000,11,16.5,
1028,8000,11,16.5,3
1029,8000,11,16.5,
1030,8000,11,16.5,
1031,8000,11,16.5,
1032,8000,11,16.5,
1033,8000,11,16.5,1
1034,8000,11,16.5,
1035,8000,11,16.5,
1036,8000,11,16.5,3
1037,8000,11,16.5,0
1038,8000,11,16.5,4
1039,8000,11,16.5,
1040,8000,11,16.5,
1041,8000,11,16.5,
1042,8000,11,16.5,
1043,8000,11,16.5,5
1044,8000,11,16.5,4
1045,8000,11,16.5,
1046,8000,11,16.5,
1047,8000,11,16.5,5
1048,8000,11,16.5,
1049,8000,11,16.5,
1050,8000,11,16.5,
1051,8000,11,16.5,5
1052,8000,11,16.5,
1053,8000,11,16.5,
1054,8000,11,16.5,
1055,8000,11,16.5,
1056,8000,11,16.5,
1057,8000,11,16.5,
1058,8000,11,16.5,3
1059,8000,11,16.5,
1060,8000,11,16.5,
1061,8000,11,16.5,
1062,8000,11,16.5,
1063,8000,11,16.5,
1064,8000,11,16.5,1
1065,8000,11,16.5,
1066,8000,11,16.5,
1067,8000,11,16.5,5
1068,8000,11,16.5,
1069,8000,11,16.5,
1070,8000,11,16.5,
1071,8000,11,16.5,1
1072,8000,11,16.5,
1073,8000,11,16.5,
1074,8000,11,16.5,4
1075,8000,11,16.5,3
1076,8000,11,16.5,
1077,8000,11,16.5,
1078,8000,11,16.5,
1079,8000,11,16.5,
1080,8000,11,16.5,
1081,8000,11,16.5,
1082,8000,11,16.5,
1083,8000,11,16.5,
1084,8000,11,16.5,
1085,8000,11,16.5,
1086,8000,11,16.5,4
1087,8000,11,16.5,
1088,8000,11,16.5,
1089,8000,11,16.5,
1090,8000,11,16.5,
1091,8000,11,16.5,
1092,8000,11,16.5,
1093,8000,11,16.5,
1094,8000,11,16.5,
1095,8000,11,16.5,
1096,8000,11,16.5,5
1097,8000,11,16.5,3
1098,8000,11,16.5,
1099,8000,11,16.5,
1100,8000,11,16.5,
1101,8000,11,16.5,
1102,8000,11,16.5,
1103,8000,11,16.5,2
1104,8000,11,16.5,0
1105,8000,11,16.5,
1106,8000,11,16.5,0
1107,8000,11,16.5,0
1108,8000,11,16.5,4
1109,8000,11,16.5,1
1110,8000,11,16.5,0
1111,8000,11,16.5,
1112,8000,11,16.5,
1113,8000,11,16.5,2|3
1114,8000,11,16.5,1
1115,8000,11,16.5,0
1116,8000,11,16.5,
1117,8000,11,16.5,
1118,8000,11,16.5,4
1119,8000,11,16.5,
1120,8000,11,16.5,
1121,8000,11,16.5,
1122,8000,11,16.5,
1123,8000,11,16.5,1
1124,8000,11,16.5,
1125,8000,11,16.5,
1126,8000,11,16.5,
1127,8000,11,16.5,1
1128,8000,11,16.5,0
1129,8000,11,16.5,
1130,8000,11,16.5,
1131,8000,11,16.5,2
1132,8000,11,16.5,4
1133,8000,11,16.5,
1134,8000,11,16.5,
1135,8000,11,16.5,
1136,8000,11,16.5,
1137,8000,11,16.5,
1138,8000,11,16.5,
1139,8000,11,16.5,
1140,8000,11,16.5,
1141,8000,11,16.5,4
1142,8000,11,16.5,
1143,8000,11,16.5,
1144,8000,11,16.5,0
1145,8000,11,16.5,
1146,8000,11,16.5,4
1147,8000,11,16.5,5
1148,8000,11,16.5,
1149,8000,11,16.5,
1150,8000,11,16.5,5
1151,8000,11,16.5,
1152,8000,11,16.5,3
1153,8000,11,16.5,0
1154,8000,11,16.5,
1155,8000,11,16.5,
1156,8000,11,16.5,
1157,8000,11,16.5,3
1158,8000,11,16.5,
1159,8000,11,16.5,5
1160,8000,11,16.5,
1161,8000,11,16.5,
1162,8000,11,16.5,
1163,8000,11,16.5,
1164,8000,11,16.5,
1165,8000,11,16.5,
1166,8000,11,16.5,
1167,8000,11,16.5,
1168,8000,11,16.5,4
1169,8000,11,16.5,
1170,8000,11,16.5,
1171,8000,11,16.5,
1172,8000,11,16.5,
1173,8000,11,16.5,
1174,8000,11,16.5,1
1175,8000,11,16.5,
1176,8000,11,16.5,
1177,8000,11,16.5,
1178,8000,11,16.5,1
1179,8000,11,16.5,
1180,8000,11,16.5,
1181,8000,11,16.5,1
1182,8000,11,16.5,
1183,8000,11,16.5,
1184,8000,11,16.5,
1185,8000,11,16.5,
1186,8000,11,16.5,
1187,8000,11,16.5,
1188,8000,11,16.5,0
1189,8000,11,16.5,
1190,8000,11,16.5,
1191,8000,11,16.5,
1192,8000,11,16.5,4
1193,8000,11,16.5,
1194,8000,11,16.5,
1195,8000,11,16.5,3
1196,8000,11,16.5,
1197,8000,11,16.5,
1198,8000,11,16.5,
1199,8000,11,16.5,3|4
1200,8000,11,16.5,
1201,8000,11,16.5,
1202,8000,11,16.5,2
1203,8000,11,16.5,
1204,8000,11,16.5,
1205,8000,11,16.5,
1206,8000,11,16.5,
1207,8000,11,16.5,2|5
1208,8000,11,16.5,
1209,8000,11,16.5,
1210,8000,11,16.5,
1211,8000,11,16.5,
1212,8000,11,16.5,
1213,8000,11,16.5,
1214,8000,11,16.5,
1215,8000,11,16.5,2
1216,8000,11,16.5,
1217,8000,11,16.5,
1218,8000,11,16.5,
1219,8000,11,16.5,
1220,8000,11,16.5,
1221,8000,11,16.5,
1222,8000,11,16.5,
1223,8000,11,16.5,2
1224,8000,11,16.5,0
1225,8000,11,16.5,
1226,8000,11,16.5,0|5
1227,8000,11,16.5,
1228,8000,11,16.5,5
1229,8000,11,16.5,
1230,8000,11,16.5,
1231,8000,11,16.5,3
1232,8000,11,16.5,
1233,8000,11,16.5,0
1234,8000,11,16.5,
1235,8000,11,16.5,
1236,8000,11,16.5,2
1237,8000,11,16.5,
1238,8000,11,16.5,
1239,8000,11,16.5,3|5
1240,8000,11,16.5,
1241,8000,11,16.5,5
1242,8000,11,16.5,
1243,8000,11,16.5,
1244,8000,11,16.5,
1245,8000,11,16.5,
1246,8000,11,16.5,
1247,8000,11,16.5,
1248,8000,11,16.5,
1249,8000,11,16.5,
1250,8000,11,16.5,
1251,8000,11,16.5,
1252,8000,11,16.5,
1253,8000,11,16.5,
1254,8000,11,16.5,
1255,8000,11,16.5,
1256,8000,11,16.5,2
1257,8000,11,16.5,
1258,8000,11,16.5,
1259,8000,11,16.5,2|5
1260,8000,11,16.5,
1261,8000,11,16.5,
1262,8000,11,16.5,
1263,8000,11,16.5,
1264,8000,11,16.5,
1265,8000,11,16.5,
1266,8000,11,16.5,
1267,8000,11,16.5,
1268,8000,11,16.5,2
1269,8000,11,16.5,
1270,8000,11,16.5,2
1271,8000,11,16.5,
1272,8000,11,16.5,
1273,8000,11,16.5,
1274,8000,11,16.5,
1275,8000,11,16.5,
1276,8000,11,16.5,
1277,8000,11,16.5,
1278,8000,11,16.5,
1279,8000,11,16.5,
1280,8000,11,16.5,0
1281,8000,11,16.5,5
1282,8000,11,16.5,
1283,8000,11,16.5,5
1284,8000,11,16.5,4
1285,8000,11,16.5,
1286,8000,11,16.5,
1287,8000,11,16.5,
1288,8000,11,16.5,
1289,8000,11,16.5,
1290,8000,11,16.5,
1291,8000,11,16.5,
1292,8000,11,16.5,2
1293,8000,11,16.5,
1294,8000,11,16.5,
1295,8000,11,16.5,0
1296,8000,11,16.5,
1297,8000,11,16.5,4
1298,8000,11,16.5,
1299,8000,11,16.5,
1300,8000,11,16.5,2|3
1301,8000,11,16.5,5
1302,8000,11,16.5,
1303,8000,11,16.5,
1304,8000,11,16.5,
1305,8000,11,16.5,
1306,8000,11,16.5,
1307,8000,11,16.5,1
1308,8000,11,16.5,
1309,8000,11,16.5,0
1310,8000,11,16.5,
1311,8000,11,16.5,1
1312,8000,11,16.5,
1313,8000,11,16.5,5
1314,8000,11,16.5,
1315,8000,11,16.5,
1316,8000,11,16.5,
1317,8000,11,16.5,
1318,8000,11,16.5,1
1319,8000,11,16.5,
1320,8000,11,16.5,
1321,8000,11,16.5,0
1322,8000,11,16.5,
1323,8000,11,16.5,5
1324,8000,11,16.5,
1325,8000,11,16.5,
1326,8000,11,16.5,
1327,8000,11,16.5,
1328,8000,11,16.5,
1329,8000,11,16.5,
1330,8000,11,16.5,
1331,8000,11,16.5,0|5
1332,8000,11,16.5,
1333,8000,11,16.5,
1334,8000,11,16.5,
1335,8000,11,16.5,
1336,8000,11,16.5,
1337,8000,11,16.5,
1338,8000,11,16.5,3
1339,8000,11,16.5,3
1340,8000,11,16.5,
1341,8000,11,16.5,
1342,8000,11,16.5,
1343,8000,11,16.5,
1344,8000,11,16.5,4
1345,8000,11,16.5,1
1346,8000,11,16.5,
1347,8000,11,16.5,
1348,8000,11,16.5,0
1349,8000,11,16.5,
1350,8000,11,16.5,
1351,8000,11,16.5,4
1352,8000,11,16.5,
1353,8000,11,16.5,
1354,8000,11,16.5,2
1355,8000,11,16.5,
1356,8000,11,16.5,
1357,8000,11,16.5,
1358,8000,11,16.5,
1359,8000,11,16.5,4
1360,8000,11,16.5,
1361,8000,11,16.5,1|4
1362,8000,11,16.5,
1363,8000,11,16.5,4
1364,8000,11,16.5,
1365,8000,11,16.5,
1366,8000,11,16.5,4
1367,8000,11,16.5,
1368,8000,11,16.5,
1369,8000,11,16.5,
1370,8000,11,16.5,
1371,8000,11,16.5,
1372,8000,11,16.5,
1373,8000,11,16.5,
1374,8000,11,16.5,
1375,8000,11,16.5,5
1376,8000,11,16.5,
1377,8000,11,16.5,0
1378,8000,11,16.5,
1379,8000,11,16.5,
1380,8000,11,16.5,
1381,8000,11,16.5,
1382,8000,11,16.5,3
1383,8000,11,16.5,0
1384,8000,11,16.5,
1385,8000,11,16.5,
1386,8000,11,16.5,
1387,8000,11,16.5,
1388,8000,11,16.5,
1389,8000,11,16.5,
1390,8000,11,16.5,2
1391,8000,11,16.5,
1392,8000,11,16.5,
1393,8000,11,16.5,0|2
1394,8000,11,16.5,
1395,8000,11,16.5,
1396,8000,11,16.5,
1397,8000,11,16.5,
1398,8000,11,16.5,3
1399,8000,11,16.5,
1400,8000,11,16.5,1|2
1401,8000,11,16.5,
1402,8000,11,16.5,2
1403,8000,11,16.5,
1404,8000,11,16.5,
1405,8000,11,16.5,
1406,8000,11,16.5,3
1407,8000,11,16.5,
1408,8000,11,16.5,1
1409,8000,11,16.5,5
1410,8000,11,16.5,2
1411,8000,11,16.5,
1412,8000,11,16.5,0
1413,8000,11,16.5,
1414,8000,11,16.5,
1415,8000,11,16.5,
1416,8000,11,16.5,
1417,8000,11,16.5,
1418,8000,11,16.5,
1419,8000,11,16.5,1
1420,8000,11,16.5,3
1421,8000,11,16.5,1
1422,8000,11,16.5,
1423,8000,11,16.5,1|5
1424,8000,11,16.5,
1425,8000,11,16.5,
1426,8000,11,16.5,
1427,8000,11,16.5,3
1428,8000,11,16.5,
1429,8000,11,16.5,2|3
1430,8000,11,16.5,
1431,8000,11,16.5,3
1432,8000,11,16.5,
1433,8000,11,16.5,
1434,8000,11,16.5,2
1435,8000,11,16.5,3
1436,8000,11,16.5,4
1437,8000,11,16.5,4
1438,8000,11,16.5,
1439,8000,11,16.5,0
1440,8000,11,16.5,
1441,8000,11,16.5,2
1442,8000,11,16.5,5
1443,8000,11,16.5,
1444,8000,11,16.5,
1445,8000,11,16.5,
1446,8000,11,16.5,
1447,8000,11,16.5,
1448,8000,11,16.5,
1449,8000,11,16.5,
1450,8000,11,16.5,3
1451,8000,11,16.5,
1452,8000,11,16.5,
1453,8000,11,16.5,1
1454,8000,11,16.5,
1455,8000,11,16.5,
1456,8000,11,16.5,
1457,8000,11,16.5,
1458,8000,11,16.5,
1459,8000,11,16.5,
1460,8000,11,16.5,
1461,8000,11,16.5,3
1462,8000,11,16.5,
1463,8000,11,16.5,
1464,8000,11,16.5,
1465,8000,11,16.5,0|2
1466,8000,11,16.5,1
1467,8000,11,16.5,
1468,8000,11,16.5,
1469,8000,11,16.5,
1470,8000,11,16.5,
1471,8000,11,16.5,
1472,8000,11,16.5,
1473,8000,11,16.5,
1474,8000,11,16.5,
1475,8000,11,16.5,
1476,8000,11,16.5,
1477,8000,11,16.5,
1478,8000,11,16.5,
1479,8000,11,16.5,
1480,8000,11,16.5,
1481,8000,11,16.5,
1482,8000,11,16.5,
1483,8000,11,16.5,2|3
1484,8000,11,16.5,
1485,8000,11,16.5,
1486,8000,11,16.5,
1487,8000,11,16.5,0|5
1488,8000,11,16.5,
1489,8000,11,16.5,
1490,8000,11,16.5,
1491,8000,11,16.5,
1492,8000,11,16.5,
1493,8000,11,16.5,
1494,8000,11,16.5,
1495,8000,11,16.5,
1496,8000,11,16.5,
1497,8000,11,16.5,
1498,8000,11,16.5,1
1499,8000,11,16.5,
1500,8000,11,16.5,
1501,8000,11,16.5,
1502,8000,11,16.5,
1503,8000,11,16.5,
1504,8000,11,16.5,
1505,8000,11,16.5,0
1506,8000,11,16.5,
1507,8000,11,16.5,
1508,8000,11,16.5,
1509,8000,11,16.5,
1510,8000,11,16.5,
1511,8000,11,16.5,
1512,8000,11,16.5,
1513,8000,11,16.5,
1514,8000,11,16.5,1
1515,8000,11,16.5,
1516,8000,11,16.5,3
1517,8000,11,16.5,
1518,8000,11,16.5,
1519,8000,11,16.5,
1520,8000,11,16.5,0
1521,8000,11,16.5,
1522,8000,11,16.5,
1523,8000,11,16.5,
1524,8000,11,16.5,3
1525,8000,11,16.5,0
1526,8000,11,16.5,
1527,8000,11,16.5,
1528,8000,11,16.5,
1529,8000,11,16.5,4
1530,8000,11,16.5,
1531,8000,11,16.5,
1532,8000,11,16.5,
1533,8000,11,16.5,5
1534,8000,11,16.5,2
1535,8000,11,16.5,1
1536,8000,11,16.5,
1537,8000,11,16.5,
1538,8000,11,16.5,
1539,8000,11,16.5,0|1
1540,8000,11,16.5,5
1541,8000,11,16.5,2
1542,8000,11,16.5,1|5
1543,8000,11,16.5,0
1544,8000,11,16.5,
1545,8000,11,16.5,
1546,8000,11,16.5,
1547,8000,11,16.5,1|5
1548,8000,11,16.5,
1549,8000,11,16.5,
1550,8000,11,16.5,
1551,8000,11,16.5,5
1552,8000,11,16.5,
1553,8000,11,16.5,
1554,8000,11,16.5,2
1555,8000,11,16.5,
1556,8000,11,16.5,
1557,8000,11,16.5,4
1558,8000,11,16.5,
1559,8000,11,16.5,
1560,8000,11,16.5,
1561,8000,11,16.5,
1562,8000,11,16.5,
1563,8000,11,16.5,
1564,8000,11,16.5,
1565,8000,11,16.5,
1566,8000,11,16.5,
1567,8000,11,16.5,
1568,8000,11,16.5,
1569,8000,11,16.5,
1570,8000,11,16.5,
1571,8000,11,16.5,0
1572,8000,11,16.5,
1573,8000,11,16.5,
1574,8000,11,16.5,
1575,8000,11,16.5,
1576,8000,11,16.5,2
1577,8000,11,16.5,
1578,8000,11,16.5,
1579,8000,11,16.5,
1580,8000,11,16.5,
1581,8000,11,16.5,
1582,8000,11,16.5,3|5
1583,8000,11,16.5,5
1584,8000,11,16.5,
1585,8000,11,16.5,
1586,8000,11,16.5,
1587,8000,11,16.5,
1588,8000,11,16.5,3
1589,8000,11,16.5,2
1590,8000,11,16.5,
1591,8000,11,16.5,2|5
1592,8000,11,16.5,
1593,8000,11,16.5,
1594,8000,11,16.5,
1595,8000,11,16.5,
1596,8000,11,16.5,
1597,8000,11,16.5,
1598,8000,11,16.5,5
1599,8000,11,16.5,3
1600,8000,11,16.5,
1601,8000,11,16.5,
1602,8000,11,16.5,
1603,8000,11,16.5,
1604,8000,11,16.5,
1605,8000,11,16.5,
1606,8000,11,16.5,
1607,8000,11,16.5,
1608,8000,11,16.5,
1609,8000,11,16.5,
1610,8000,11,16.5,
1611,8000,11,16.5,
1612,8000,11,16.5,
1613,8000,11,16.5,1
1614,8000,11,16.5,4
1615,8000,11,16.5,
1616,8000,11,16.5,
1617,8000,11,16.5,4
1618,8000,11,16.5,5
1619,8000,11,16.5,
1620,8000,11,16.5,
1621,8000,11,16.5,0
1622,8000,11,16.5,1
1623,8000,11,16.5,
1624,8000,11,16.5,
1625,8000,11,16.5,1
1626,8000,11,16.5,3
1627,8000,11,16.5,
1628,8000,11,16.5,
1629,8000,11,16.5,
1630,8000,11,16.5,
1631,8000,11,16.5,
1632,8000,11,16.5,1
1633,8000,11,16.5,2
1634,8000,11,16.5,
1635,8000,11,16.5,1
1636,8000,11,16.5,
1637,8000,11,16.5,
1638,8000,11,16.5,1
1639,8000,11,16.5,
1640,8000,11,16.5,4
1641,8000,11,16.5,3
1642,8000,11,16.5,
1643,8000,11,16.5,
1644,8000,11,16.5,
1645,8000,11,16.5,
1646,8000,11,16.5,4
1647,8000,11,16.5,
1648,8000,11,16.5,
1649,8000,11,16.5,
1650,8000,11,16.5,
1651,8000,11,16.5,
1652,8000,11,16.5,3|5
1653,8000,11,16.5,
1654,8000,11,16.5,
1655,8000,11,16.5,3
1656,8000,11,16.5,
1657,8000,11,16.5,
1658,8000,11,16.5,
1659,8000,11,16.5,0
1660,8000,11,16.5,
1661,8000,11,16.5,4
1662,8000,11,16.5,
1663,8000,11,16.5,
1664,8000,11,16.5,
1665,8000,11,16.5,
1666,8000,11,16.5,
1667,8000,11,16.5,0
1668,8000,11,16.5,1
1669,8000,11,16.5,
1670,8000,11,16.5,
1671,8000,11,16.5,1
1672,8000,11,16.5,
1673,8000,11,16.5,
1674,8000,11,16.5,
1675,8000,11,16.5,
1676,8000,11,16.5,
1677,8000,11,16.5,
1678,8000,11,16.5,1
1679,8000,11,16.5,
1680,8000,11,16.5,0
1681,8000,11,16.5,
1682,8000,11,16.5,
1683,8000,11,16.5,
1684,8000,11,16.5,
1685,8000,11,16.5,
1686,8000,11,16.5,1
1687,8000,11,16.5,
1688,8000,11,16.5,1
1689,8000,11,16.5,
1690,8000,11,16.5,1
1691,8000,11,16.5,
1692,8000,11,16.5,
1693,8000,11,16.5,
1694,8000,11,16.5,
1695,8000,11,16.5,1|5
1696,8000,11,16.5,
1697,8000,11,16.5,
1698,8000,11,16.5,
1699,8000,11,16.5,
1700,8000,11,16.5,
1701,8000,11,16.5,2
1702,8000,11,16.5,
1703,8000,11,16.5,0
1704,8000,11,16.5,
1705,8000,11,16.5,
1706,8000,11,16.5,
1707,8000,11,16.5,
1708,8000,11,16.5,1
1709,8000,11,16.5,
1710,8000,11,16.5,0
1711,8000,11,16.5,
1712,8000,11,16.5,5
1713,8000,11,16.5,1
1714,8000,11,16.5,3
1715,8000,11,16.5,
1716,8000,11,16.5,
1717,8000,11,16.5,
1718,8000,11,16.5,
1719,8000,11,16.5,5
1720,8000,11,16.5,
1721,8000,11,16.5,
1722,8000,11,16.5,
1723,8000,11,16.5,
1724,8000,11,16.5,
1725,8000,11,16.5,
1726,8000,11,16.5,
1727,8000,11,16.5,
1728,8000,11,16.5,
1729,8000,11,16.5,
1730,8000,11,16.5,
1731,8000,11,16.5,3
1732,8000,11,16.5,
1733,8000,11,16.5,
1734,8000,11,16.5,
1735,8000,11,16.5,
1736,8000,11,16.5,
1737,8000,11,16.5,0
1738,8000,11,16.5,
1739,8000,11,16.5,
1740,8000,11,16.5,
1741,8000,11,16.5,
1742,8000,11,16.5,
1743,8000,11,16.5,0
1744,8000,11,16.5,
1745,8000,11,16.5,
1746,8000,11,16.5,
1747,8000,11,16.5,
1748,8000,11,16.5,3
1749,8000,11,16.5,
1750,8000,11,16.5,2
1751,8000,11,16.5,5
1752,8000,11,16.5,
1753,8000,11,16.5,
1754,8000,11,16.5,
1755,8000,11,16.5,0
1756,8000,11,16.5,4
1757,8000,11,16.5,
1758,8000,11,16.5,4
1759,8000,11,16.5,
1760,8000,11,16.5,0
1761,8000,11,16.5,
1762,8000,11,16.5,4
1763,8000,11,16.5,2|4
1764,8000,11,16.5,0
1765,8000,11,16.5,
1766,8000,11,16.5,2
1767,8000,11,16.5,
1768,8000,11,16.5,
1769,8000,11,16.5,
1770,8000,11,16.5,
1771,8000,11,16.5,
1772,8000,11,16.5,3
1773,8000,11,16.5,
1774,8000,11,16.5,
1775,8000,11,16.5,5
1776,8000,11,16.5,
1777,8000,11,16.5,
1778,8000,11,16.5,
1779,8000,11,16.5,
1780,8000,11,16.5,
1781,8000,11,16.5,
1782,8000,11,16.5,
1783,8000,11,16.5,5
1784,8000,11,16.5,5
1785,8000,11,16.5,0|5
1786,8000,11,16.5,
1787,8000,11,16.5,
1788,8000,11,16.5,0
1789,8000,11,16.5,
1790,8000,11,16.5,
1791,8000,11,16.5,
1792,8000,11,16.5,
1793,8000,11,16.5,4
1794,8000,11,16.5,
1795,8000,11,16.5,
1796,8000,11,16.5,
1797,8000,11,16.5,4
1798,8000,11,16.5,
1799,8000,11,16.5,
1800,8000,11,16.5,
1801,8000,11,16.5,
1802,8000,11,16.5,
1803,8000,11,16.5,1|2|4
1804,8000,11,16.5,
1805,8000,11,16.5,
1806,8000,11,16.5,
1807,8000,11,16.5,
1808,8000,11,16.5,
1809,8000,11,16.5,
1810,8000,11,16.5,
1811,8000,11,16.5,
1812,8000,11,16.5,0
1813,8000,11,16.5,
1814,8000,11,16.5,
1815,8000,11,16.5,
1816,8000,11,16.5,
1817,8000,11,16.5,
1818,8000,11,16.5,
1819,8000,11,16.5,
1820,8000,11,16.5,5
1821,8000,11,16.5,0
1822,8000,11,16.5,0
1823,8000,11,16.5,
1824,8000,11,16.5,
1825,8000,11,16.5,
1826,8000,11,16.5,5
1827,8000,11,16.5,
1828,8000,11,16.5,
1829,8000,11,16.5,1
1830,8000,11,16.5,
1831,8000,11,16.5,
1832,8000,11,16.5,
1833,8000,11,16.5,1
1834,8000,11,16.5,
1835,8000,11,16.5,
1836,8000,11,16.5,
1837,8000,11,16.5,
1838,8000,11,16.5,3
1839,8000,11,16.5,
1840,8000,11,16.5,
1841,8000,11,16.5,
1842,8000,11,16.5,
1843,8000,11,16.5,
1844,8000,11,16.5,
1845,8000,11,16.5,
1846,8000,11,16.5,0
1847,8000,11,16.5,3
1848,8000,11,16.5,
1849,8000,11,16.5,
1850,8000,11,16.5,
1851,8000,11,16.5,
1852,8000,11,16.5,
1853,8000,11,16.5,
1854,8000,11,16.5,3
1855,8000,11,16.5,2
1856,8000,11,16.5,4
1857,8000,11,16.5,
1858,8000,11,16.5,5
1859,8000,11,16.5,
1860,8000,11,16.5,
1861,8000,11,16.5,
1862,8000,11,16.5,
1863,8000,11,16.5,
1864,8000,11,16.5,
1865,8000,11,16.5,
1866,8000,11,16.5,
1867,8000,11,16.5,3
1868,8000,11,16.5,
1869,8000,11,16.5,
1870,8000,11,16.5,
1871,8000,11,16.5,
1872,8000,11,16.5,
1873,8000,11,16.5,
1874,8000,11,16.5,
1875,8000,11,16.5,1
1876,8000,11,16.5,
1877,8000,11,16.5,
1878,8000,11,16.5,5
1879,8000,11,16.5,
1880,8000,11,16.5,0
1881,8000,11,16.5,
1882,8000,11,16.5,4|5
1883,8000,11,16.5,2
1884,8000,11,16.5,
1885,8000,11,16.5,4
1886,8000,11,16.5,
1887,8000,11,16.5,
1888,8000,11,16.5,2
1889,8000,11,16.5,
1890,8000,11,16.5,
1891,8000,11,16.5,5
1892,8000,11,16.5,
1893,8000,11,16.5,0
1894,8000,11,16.5,3
1895,8000,11,16.5,
1896,8000,11,16.5,
1897,8000,11,16.5,
1898,8000,11,16.5,
1899,8000,11,16.5,
1900,8000,11,16.5,4
1901,8000,11,16.5,
1902,8000,11,16.5,
1903,8000,11,16.5,
1904,8000,11,16.5,
1905,8000,11,16.5,
1906,8000,11,16.5,5
1907,8000,11,16.5,
1908,8000,11,16.5,
1909,8000,11,16.5,
1910,8000,11,16.5,
1911,8000,11,16.5,
1912,8000,11,16.5,
1913,8000,11,16.5,1
1914,8000,11,16.5,
1915,8000,11,16.5,3
1916,8000,11,16.5,
1917,8000,11,16.5,
1918,8000,11,16.5,1
1919,8000,11,16.5,
1920,8000,11,16.5,5
1921,8000,11,16.5,
1922,8000,11,16.5,
1923,8000,11,16.5,
1924,8000,11,16.5,
1925,8000,11,16.5,
1926,8000,11,16.5,
1927,8000,11,16.5,
1928,8000,11,16.5,
1929,8000,11,16.5,1
1930,8000,11,16.5,
1931,8000,11,16.5,
1932,8000,11,16.5,
1933,8000,11,16.5,
1934,8000,11,16.5,
1935,8000,11,16.5,2
1936,8000,11,16.5,
1937,8000,11,16.5,
1938,8000,11,16.5,3
1939,8000,11,16.5,
1940,8000,11,16.5,
1941,8000,11,16.5,3
1942,8000,11,16.5,4|5
1943,8000,11,16.5,2
1944,8000,11,16.5,5
1945,8000,11,16.5,1
1946,8000,11,16.5,
1947,8000,11,16.5,2
1948,8000,11,16.5,1
1949,8000,11,16.5,0
1950,8000,11,16.5,
1951,8000,11,16.5,
1952,8000,11,16.5,
1953,8000,11,16.5,
1954,8000,11,16.5,
1955,8000,11,16.5,
1956,8000,11,16.5,
1957,8000,11,16.5,
1958,8000,11,16.5,
1959,8000,11,16.5,
1960,8000,11,16.5,
1961,8000,11,16.5,
1962,8000,11,16.5,
1963,8000,11,16.5,
1964,8000,11,16.5,
1965,8000,11,16.5,
1966,8000,11,16.5,
1967,8000,11,16.5,
1968,8000,11,16.5,0
1969,8000,11,16.5,
1970,8000,11,16.5,
1971,8000,11,16.5,2
1972,8000,11,16.5,0
1973,8000,11,16.5,
1974,8000,11,16.5,
1975,8000,11,16.5,
1976,8000,11,16.5,
1977,8000,11,16.5,
1978,8000,11,16.5,
1979,8000,11,16.5,
1980,8000,11,16.5,
1981,8000,11,16.5,
1982,8000,11,16.5,
1983,8000,11,16.5,3
1984,8000,11,16.5,
1985,8000,11,16.5,1
1986,8000,11,16.5,
1987,8000,11,16.5,
1988,8000,11,16.5,4
1989,8000,11,16.5,2
1990,8000,11,16.5,
1991,8000,11,16.5,
1992,8000,11,16.5,
1993,8000,11,16.5,
1994,8000,11,16.5,
1995,8000,11,16.5,
1996,8000,11,16.5,
1997,8000,11,16.5,
1998,8000,11,16.5,
1999,8000,11,16.5,
